Corpus,Model,Tag,Account,Local result dir,Result on volume,Evaluated weights,Source checkpoint,Quantization,Quantized at,Checkpoint transfer
books,ga_gdr_s42,awq_g128_general,acc3,dl_acc3/results/books/ga_gdr_s42/awq_g128_general,failunl-runs:/results/books/ga_gdr_s42/awq_g128_general,failunl-runs:/quant/books_ga_gdr_s42/awq_g128_general/dq,failunl-runs:/ckpt/books/books_ga_gdr_s42,"AWQ g128 asym, calib general",2026-10-06 07:16:21 UTC,copied acc2 → acc3 via private HF repo failunl-books_ga_gdr_s42@52aff9138b41 (sha256 verified on push and pull)
books,ga_gdr_s42,bf16,acc2,dl_acc2/results/books/ga_gdr_s42/bf16,failunl-runs:/results/books/ga_gdr_s42/bf16,failunl-runs:/ckpt/books/books_ga_gdr_s42,failunl-runs:/ckpt/books/books_ga_gdr_s42,—,—,trained here; copied to acc3 (HF commit 52aff9138b41)
books,ga_gdr_s42,bnb4,acc3,dl_acc3/results/books/ga_gdr_s42/bnb4,failunl-runs:/results/books/ga_gdr_s42/bnb4,failunl-runs:/ckpt/books/books_ga_gdr_s42,failunl-runs:/ckpt/books/books_ga_gdr_s42,bitsandbytes FP4 (load-time),—,copied acc2 → acc3 via private HF repo failunl-books_ga_gdr_s42@52aff9138b41 (sha256 verified on push and pull)
books,ga_gdr_s42,gptq_g128_general,acc3,dl_acc3/results/books/ga_gdr_s42/gptq_g128_general,failunl-runs:/results/books/ga_gdr_s42/gptq_g128_general,failunl-runs:/quant/books_ga_gdr_s42/gptq_g128_general/dq,failunl-runs:/ckpt/books/books_ga_gdr_s42,"GPTQ g128 sym, calib general",2026-10-06 07:02:06 UTC,copied acc2 → acc3 via private HF repo failunl-books_ga_gdr_s42@52aff9138b41 (sha256 verified on push and pull)
books,ga_gdr_s42,rtn_g128_nocalib,acc3,dl_acc3/results/books/ga_gdr_s42/rtn_g128_nocalib,failunl-runs:/results/books/ga_gdr_s42/rtn_g128_nocalib,failunl-runs:/quant/books_ga_gdr_s42/rtn_g128_nocalib/dq,failunl-runs:/ckpt/books/books_ga_gdr_s42,"RTN g128 sym, calib none",2026-10-06 06:57:39 UTC,copied acc2 → acc3 via private HF repo failunl-books_ga_gdr_s42@52aff9138b41 (sha256 verified on push and pull)
books,ga_gdr_sure_masked_s42,bf16,acc4,dl_acc4/results/books/ga_gdr_sure_masked_s42/bf16,failunl-runs:/results/books/ga_gdr_sure_masked_s42/bf16,failunl-runs:/ckpt/books/books_ga_gdr_sure_masked_s42,failunl-runs:/ckpt/books/books_ga_gdr_sure_masked_s42,—,—,—
books,ga_gdr_sure_s42,awq_g128_general,acc4,dl_acc4/results/books/ga_gdr_sure_s42/awq_g128_general,failunl-runs:/results/books/ga_gdr_sure_s42/awq_g128_general,failunl-runs:/quant/books_ga_gdr_sure_s42/awq_g128_general/dq,failunl-runs:/ckpt/books/books_ga_gdr_sure_s42,"AWQ g128 asym, calib general",2026-10-07 19:42:54 UTC,copied acc2 → acc4 via private HF repo failunl-books_ga_gdr_sure_s42@d4ea87a5239f (sha256 verified on push and pull)
books,ga_gdr_sure_s42,bf16,acc2,dl_acc2/results/books/ga_gdr_sure_s42/bf16,failunl-runs:/results/books/ga_gdr_sure_s42/bf16,failunl-runs:/ckpt/books/books_ga_gdr_sure_s42,failunl-runs:/ckpt/books/books_ga_gdr_sure_s42,—,—,trained here; copied to acc4 (HF commit d4ea87a5239f)
books,ga_gdr_sure_s42,bnb4,acc2,dl_acc2/results/books/ga_gdr_sure_s42/bnb4,failunl-runs:/results/books/ga_gdr_sure_s42/bnb4,failunl-runs:/ckpt/books/books_ga_gdr_sure_s42,failunl-runs:/ckpt/books/books_ga_gdr_sure_s42,bitsandbytes FP4 (load-time),—,trained here; copied to acc4 (HF commit d4ea87a5239f)
books,ga_gdr_sure_s42,gptq_g128_general,acc4,dl_acc4/results/books/ga_gdr_sure_s42/gptq_g128_general,failunl-runs:/results/books/ga_gdr_sure_s42/gptq_g128_general,failunl-runs:/quant/books_ga_gdr_sure_s42/gptq_g128_general/dq,failunl-runs:/ckpt/books/books_ga_gdr_sure_s42,"GPTQ g128 sym, calib general",2026-10-07 19:23:42 UTC,copied acc2 → acc4 via private HF repo failunl-books_ga_gdr_sure_s42@d4ea87a5239f (sha256 verified on push and pull)
books,ga_gdr_sure_s42,rtn_g128_nocalib,acc4,dl_acc4/results/books/ga_gdr_sure_s42/rtn_g128_nocalib,failunl-runs:/results/books/ga_gdr_sure_s42/rtn_g128_nocalib,failunl-runs:/quant/books_ga_gdr_sure_s42/rtn_g128_nocalib/dq,failunl-runs:/ckpt/books/books_ga_gdr_sure_s42,"RTN g128 sym, calib none",2026-10-07 19:16:22 UTC,copied acc2 → acc4 via private HF repo failunl-books_ga_gdr_sure_s42@d4ea87a5239f (sha256 verified on push and pull)
books,npo_klr_s42,awq_g128_general,acc2,dl_acc2/results/books/npo_klr_s42/awq_g128_general,failunl-runs:/results/books/npo_klr_s42/awq_g128_general,failunl-runs:/quant/books_npo_klr_s42/awq_g128_general/dq,failunl-runs:/ckpt/books/books_npo_klr_s42,"AWQ g128 asym, calib general",2026-10-05 12:02:32 UTC,trained here; copied to acc3 (HF commit f806022e25d5)
books,npo_klr_s42,bf16,acc2,dl_acc2/results/books/npo_klr_s42/bf16,failunl-runs:/results/books/npo_klr_s42/bf16,failunl-runs:/ckpt/books/books_npo_klr_s42,failunl-runs:/ckpt/books/books_npo_klr_s42,—,—,trained here; copied to acc3 (HF commit f806022e25d5)
books,npo_klr_s42,bnb4,acc2,dl_acc2/results/books/npo_klr_s42/bnb4,failunl-runs:/results/books/npo_klr_s42/bnb4,failunl-runs:/ckpt/books/books_npo_klr_s42,failunl-runs:/ckpt/books/books_npo_klr_s42,bitsandbytes FP4 (load-time),—,trained here; copied to acc3 (HF commit f806022e25d5)
books,npo_klr_s42,gptq_g128_general,acc3,dl_acc3/results/books/npo_klr_s42/gptq_g128_general,failunl-runs:/results/books/npo_klr_s42/gptq_g128_general,failunl-runs:/quant/books_npo_klr_s42/gptq_g128_general/dq,failunl-runs:/ckpt/books/books_npo_klr_s42,"GPTQ g128 sym, calib general",2026-10-05 19:27:00 UTC,copied acc2 → acc3 via private HF repo failunl-books_npo_klr_s42@f806022e25d5 (sha256 verified on push and pull)
books,npo_klr_s42,rtn_g128_nocalib,acc3,dl_acc3/results/books/npo_klr_s42/rtn_g128_nocalib,failunl-runs:/results/books/npo_klr_s42/rtn_g128_nocalib,failunl-runs:/quant/books_npo_klr_s42/rtn_g128_nocalib/dq,failunl-runs:/ckpt/books/books_npo_klr_s42,"RTN g128 sym, calib none",2026-10-05 19:23:23 UTC,copied acc2 → acc3 via private HF repo failunl-books_npo_klr_s42@f806022e25d5 (sha256 verified on push and pull)
books,npo_klr_sure_masked_s42,awq_g128_general,acc4,dl_acc4/results_quant/books/npo_klr_sure_masked_s42/awq_g128_general,failunl-runs:/results/books/npo_klr_sure_masked_s42/awq_g128_general,failunl-runs:/quant/books_npo_klr_sure_masked_s42/awq_g128_general/dq,failunl-runs:/ckpt/books/books_npo_klr_sure_masked_s42,"AWQ g128 asym, calib general",2026-10-07 07:24:39 UTC,—
books,npo_klr_sure_masked_s42,bf16,acc4,dl_acc4/results/books/npo_klr_sure_masked_s42/bf16,failunl-runs:/results/books/npo_klr_sure_masked_s42/bf16,failunl-runs:/ckpt/books/books_npo_klr_sure_masked_s42,failunl-runs:/ckpt/books/books_npo_klr_sure_masked_s42,—,—,—
books,npo_klr_sure_masked_s42,bnb4,acc4,dl_acc4/results/books/npo_klr_sure_masked_s42/bnb4,failunl-runs:/results/books/npo_klr_sure_masked_s42/bnb4,failunl-runs:/ckpt/books/books_npo_klr_sure_masked_s42,failunl-runs:/ckpt/books/books_npo_klr_sure_masked_s42,bitsandbytes FP4 (load-time),—,—
books,npo_klr_sure_masked_s42,gptq_g128_general,acc4,dl_acc4/results_quant/books/npo_klr_sure_masked_s42/gptq_g128_general,failunl-runs:/results/books/npo_klr_sure_masked_s42/gptq_g128_general,failunl-runs:/quant/books_npo_klr_sure_masked_s42/gptq_g128_general/dq,failunl-runs:/ckpt/books/books_npo_klr_sure_masked_s42,"GPTQ g128 sym, calib general",2026-10-07 07:10:13 UTC,—
books,npo_klr_sure_masked_s42,rtn_g128_nocalib,acc4,dl_acc4/results_quant/books/npo_klr_sure_masked_s42/rtn_g128_nocalib,failunl-runs:/results/books/npo_klr_sure_masked_s42/rtn_g128_nocalib,failunl-runs:/quant/books_npo_klr_sure_masked_s42/rtn_g128_nocalib/dq,failunl-runs:/ckpt/books/books_npo_klr_sure_masked_s42,"RTN g128 sym, calib none",2026-10-07 07:05:52 UTC,—
books,npo_klr_sure_masked_s43,bf16,acc4,dl_acc4/results/books/npo_klr_sure_masked_s43/bf16,failunl-runs:/results/books/npo_klr_sure_masked_s43/bf16,failunl-runs:/ckpt/books/books_npo_klr_sure_masked_s43,failunl-runs:/ckpt/books/books_npo_klr_sure_masked_s43,—,—,—
books,npo_klr_sure_masked_s43,bnb4,acc4,dl_acc4/results/books/npo_klr_sure_masked_s43/bnb4,failunl-runs:/results/books/npo_klr_sure_masked_s43/bnb4,failunl-runs:/ckpt/books/books_npo_klr_sure_masked_s43,failunl-runs:/ckpt/books/books_npo_klr_sure_masked_s43,bitsandbytes FP4 (load-time),—,—
books,npo_klr_sure_s42,awq_g128_books_retain,acc3,dl_acc3/results/books/npo_klr_sure_s42/awq_g128_books_retain,failunl-runs:/results/books/npo_klr_sure_s42/awq_g128_books_retain,failunl-runs:/quant/books_npo_klr_sure_s42/awq_g128_books_retain/dq,failunl-runs:/ckpt/books/books_npo_klr_sure_s42,"AWQ g128 asym, calib books_retain",2026-10-05 18:30:51 UTC,copied acc2 → acc3 via private HF repo failunl-books_npo_klr_sure_s42@5e5985fe841e (sha256 verified on push and pull)
books,npo_klr_sure_s42,awq_g128_general,acc2,dl_acc2/results/books/npo_klr_sure_s42/awq_g128_general,failunl-runs:/results/books/npo_klr_sure_s42/awq_g128_general,failunl-runs:/quant/books_npo_klr_sure_s42/awq_g128_general/dq,failunl-runs:/ckpt/books/books_npo_klr_sure_s42,"AWQ g128 asym, calib general",2026-10-05 10:35:58 UTC,trained here; copied to acc3 (HF commit 5e5985fe841e)
books,npo_klr_sure_s42,awq_g32_books_retain,acc3,dl_acc3/results/books/npo_klr_sure_s42/awq_g32_books_retain,failunl-runs:/results/books/npo_klr_sure_s42/awq_g32_books_retain,failunl-runs:/quant/books_npo_klr_sure_s42/awq_g32_books_retain/dq,failunl-runs:/ckpt/books/books_npo_klr_sure_s42,"AWQ g32 asym, calib books_retain",2026-10-05 18:30:54 UTC,copied acc2 → acc3 via private HF repo failunl-books_npo_klr_sure_s42@5e5985fe841e (sha256 verified on push and pull)
books,npo_klr_sure_s42,awq_g32_general,acc3,dl_acc3/results/books/npo_klr_sure_s42/awq_g32_general,failunl-runs:/results/books/npo_klr_sure_s42/awq_g32_general,failunl-runs:/quant/books_npo_klr_sure_s42/awq_g32_general/dq,failunl-runs:/ckpt/books/books_npo_klr_sure_s42,"AWQ g32 asym, calib general",2026-10-05 18:31:42 UTC,copied acc2 → acc3 via private HF repo failunl-books_npo_klr_sure_s42@5e5985fe841e (sha256 verified on push and pull)
books,npo_klr_sure_s42,bf16,acc2,dl_acc2/results/books/npo_klr_sure_s42/bf16,failunl-runs:/results/books/npo_klr_sure_s42/bf16,failunl-runs:/ckpt/books/books_npo_klr_sure_s42,failunl-runs:/ckpt/books/books_npo_klr_sure_s42,—,—,trained here; copied to acc3 (HF commit 5e5985fe841e)
books,npo_klr_sure_s42,bnb4,acc2,dl_acc2/results/books/npo_klr_sure_s42/bnb4,failunl-runs:/results/books/npo_klr_sure_s42/bnb4,failunl-runs:/ckpt/books/books_npo_klr_sure_s42,failunl-runs:/ckpt/books/books_npo_klr_sure_s42,bitsandbytes FP4 (load-time),—,trained here; copied to acc3 (HF commit 5e5985fe841e)
books,npo_klr_sure_s42,gptq_g128_books_retain,acc3,dl_acc3/results/books/npo_klr_sure_s42/gptq_g128_books_retain,failunl-runs:/results/books/npo_klr_sure_s42/gptq_g128_books_retain,failunl-runs:/quant/books_npo_klr_sure_s42/gptq_g128_books_retain/dq,failunl-runs:/ckpt/books/books_npo_klr_sure_s42,"GPTQ g128 sym, calib books_retain",2026-10-05 18:17:22 UTC,copied acc2 → acc3 via private HF repo failunl-books_npo_klr_sure_s42@5e5985fe841e (sha256 verified on push and pull)
books,npo_klr_sure_s42,gptq_g128_general,acc2,dl_acc2/results/books/npo_klr_sure_s42/gptq_g128_general,failunl-runs:/results/books/npo_klr_sure_s42/gptq_g128_general,failunl-runs:/quant/books_npo_klr_sure_s42/gptq_g128_general/dq,failunl-runs:/ckpt/books/books_npo_klr_sure_s42,"GPTQ g128 sym, calib general",2026-10-05 08:58:36 UTC,trained here; copied to acc3 (HF commit 5e5985fe841e)
books,npo_klr_sure_s42,gptq_g32_books_retain,acc3,dl_acc3/results/books/npo_klr_sure_s42/gptq_g32_books_retain,failunl-runs:/results/books/npo_klr_sure_s42/gptq_g32_books_retain,failunl-runs:/quant/books_npo_klr_sure_s42/gptq_g32_books_retain/dq,failunl-runs:/ckpt/books/books_npo_klr_sure_s42,"GPTQ g32 sym, calib books_retain",2026-10-05 18:17:19 UTC,copied acc2 → acc3 via private HF repo failunl-books_npo_klr_sure_s42@5e5985fe841e (sha256 verified on push and pull)
books,npo_klr_sure_s42,gptq_g32_general,acc3,dl_acc3/results/books/npo_klr_sure_s42/gptq_g32_general,failunl-runs:/results/books/npo_klr_sure_s42/gptq_g32_general,failunl-runs:/quant/books_npo_klr_sure_s42/gptq_g32_general/dq,failunl-runs:/ckpt/books/books_npo_klr_sure_s42,"GPTQ g32 sym, calib general",2026-10-05 18:17:47 UTC,copied acc2 → acc3 via private HF repo failunl-books_npo_klr_sure_s42@5e5985fe841e (sha256 verified on push and pull)
books,npo_klr_sure_s42,rtn_g128_nocalib,acc2,dl_acc2/results/books/npo_klr_sure_s42/rtn_g128_nocalib,failunl-runs:/results/books/npo_klr_sure_s42/rtn_g128_nocalib,failunl-runs:/quant/books_npo_klr_sure_s42/rtn_g128_nocalib/dq,failunl-runs:/ckpt/books/books_npo_klr_sure_s42,"RTN g128 sym, calib none",2026-10-05 08:54:46 UTC,trained here; copied to acc3 (HF commit 5e5985fe841e)
books,npo_klr_sure_s43,awq_g128_general,acc3,dl_acc3/results/books/npo_klr_sure_s43/awq_g128_general,failunl-runs:/results/books/npo_klr_sure_s43/awq_g128_general,failunl-runs:/quant/books_npo_klr_sure_s43/awq_g128_general/dq,failunl-runs:/ckpt/books/books_npo_klr_sure_s43,"AWQ g128 asym, calib general",2026-10-05 21:28:03 UTC,—
books,npo_klr_sure_s43,bf16,acc3,dl_acc3/results/books/npo_klr_sure_s43/bf16,failunl-runs:/results/books/npo_klr_sure_s43/bf16,failunl-runs:/ckpt/books/books_npo_klr_sure_s43,failunl-runs:/ckpt/books/books_npo_klr_sure_s43,—,—,—
books,npo_klr_sure_s43,bnb4,acc3,dl_acc3/results/books/npo_klr_sure_s43/bnb4,failunl-runs:/results/books/npo_klr_sure_s43/bnb4,failunl-runs:/ckpt/books/books_npo_klr_sure_s43,failunl-runs:/ckpt/books/books_npo_klr_sure_s43,bitsandbytes FP4 (load-time),—,—
books,npo_klr_sure_s43,gptq_g128_general,acc3,dl_acc3/results/books/npo_klr_sure_s43/gptq_g128_general,failunl-runs:/results/books/npo_klr_sure_s43/gptq_g128_general,failunl-runs:/quant/books_npo_klr_sure_s43/gptq_g128_general/dq,failunl-runs:/ckpt/books/books_npo_klr_sure_s43,"GPTQ g128 sym, calib general",2026-10-05 21:14:33 UTC,—
books,retrain,bf16,acc1,dl_acc1/results/books/retrain/bf16,failunl-runs:/results/books/retrain/bf16,HF muse-bench/MUSE-books_retrain@1d67430e4e8bdf2a65823740e909792519175ac2,HF muse-bench/MUSE-books_retrain@1d67430e4e8bdf2a65823740e909792519175ac2,—,—,—
books,target,awq_g128_general,acc2,dl_acc2/results/books/target/awq_g128_general,failunl-runs:/results/books/target/awq_g128_general,failunl-runs:/quant/books_target/awq_g128_general/dq,HF muse-bench/MUSE-books_target@c8dd3fb23a726762ec66d277933c7cff6767f3c2,"AWQ g128 asym, calib general",2026-10-05 09:05:02 UTC,—
books,target,bf16,acc1,dl_acc1/results/books/target/bf16,failunl-runs:/results/books/target/bf16,HF muse-bench/MUSE-books_target@c8dd3fb23a726762ec66d277933c7cff6767f3c2,HF muse-bench/MUSE-books_target@c8dd3fb23a726762ec66d277933c7cff6767f3c2,—,—,—
books,target,bnb4,acc1,dl_acc1/results/books/target/bnb4,failunl-runs:/results/books/target/bnb4,HF muse-bench/MUSE-books_target@c8dd3fb23a726762ec66d277933c7cff6767f3c2,HF muse-bench/MUSE-books_target@c8dd3fb23a726762ec66d277933c7cff6767f3c2,bitsandbytes FP4 (load-time),—,—
books,target,fp32diag_knowmem,acc1,dl_acc1/results/books/target/fp32diag_knowmem,failunl-runs:/results/books/target/fp32diag_knowmem,HF muse-bench/MUSE-books_target@c8dd3fb23a726762ec66d277933c7cff6767f3c2,HF muse-bench/MUSE-books_target@c8dd3fb23a726762ec66d277933c7cff6767f3c2,—,—,—
books,target,gptq_g128_general,acc1,dl_acc1/results/books/target/gptq_g128_general,failunl-runs:/results/books/target/gptq_g128_general,failunl-runs:/quant/books_target/gptq_g128_general/dq,HF muse-bench/MUSE-books_target@c8dd3fb23a726762ec66d277933c7cff6767f3c2,"GPTQ g128 sym, calib general",2026-10-05 08:00:29 UTC,—
books,target,gptq_g32_general,acc1,dl_acc1/results/books/target/gptq_g32_general,failunl-runs:/results/books/target/gptq_g32_general,failunl-runs:/quant/books_target/gptq_g32_general/dq,HF muse-bench/MUSE-books_target@c8dd3fb23a726762ec66d277933c7cff6767f3c2,"GPTQ g32 sym, calib general",2026-10-05 09:17:58 UTC,—
books,target,rtn_g128_nocalib,acc1,dl_acc1/results/books/target/rtn_g128_nocalib,failunl-runs:/results/books/target/rtn_g128_nocalib,failunl-runs:/quant/books_target/rtn_g128_nocalib/dq,HF muse-bench/MUSE-books_target@c8dd3fb23a726762ec66d277933c7cff6767f3c2,"RTN g128 sym, calib none",2026-10-05 07:56:43 UTC,—
news,ga_gdr_s42,bf16,acc1,dl_acc1/results/news/ga_gdr_s42/bf16,failunl-runs:/results/news/ga_gdr_s42/bf16,failunl-runs:/ckpt/news/news_ga_gdr_s42,failunl-runs:/ckpt/news/news_ga_gdr_s42,—,—,—
news,ga_gdr_s42,bf16_ep2,acc1,dl_acc1/results/news/checkpoint-408/bf16_ep2,failunl-runs:/results/news/checkpoint-408/bf16_ep2,failunl-runs:/ckpt/news/news_ga_gdr_s42/checkpoint-408,failunl-runs:/ckpt/news/news_ga_gdr_s42/checkpoint-408,—,—,—
news,ga_gdr_s42,bf16_ep5,acc1,dl_acc1/results/news/checkpoint-1020/bf16_ep5,failunl-runs:/results/news/checkpoint-1020/bf16_ep5,failunl-runs:/ckpt/news/news_ga_gdr_s42/checkpoint-1020,failunl-runs:/ckpt/news/news_ga_gdr_s42/checkpoint-1020,—,—,—
news,ga_gdr_s42,bnb4,acc1,dl_acc1/results/news/ga_gdr_s42/bnb4,failunl-runs:/results/news/ga_gdr_s42/bnb4,failunl-runs:/ckpt/news/news_ga_gdr_s42,failunl-runs:/ckpt/news/news_ga_gdr_s42,bitsandbytes FP4 (load-time),—,—
news,ga_gdr_s42,rtn_g128_nocalib,acc1,dl_acc1/results/news/ga_gdr_s42/rtn_g128_nocalib,failunl-runs:/results/news/ga_gdr_s42/rtn_g128_nocalib,failunl-runs:/quant/news_ga_gdr_s42/rtn_g128_nocalib/dq,failunl-runs:/ckpt/news/news_ga_gdr_s42,"RTN g128 sym, calib none",2026-10-04 19:04:55 UTC,—
news,npo_klr_s42,bf16,acc1,dl_acc1/results/news/npo_klr_s42/bf16,failunl-runs:/results/news/npo_klr_s42/bf16,failunl-runs:/ckpt/news/news_npo_klr_s42,failunl-runs:/ckpt/news/news_npo_klr_s42,—,—,—
news,npo_klr_s42,bnb4,acc1,dl_acc1/results/news/npo_klr_s42/bnb4,failunl-runs:/results/news/npo_klr_s42/bnb4,failunl-runs:/ckpt/news/news_npo_klr_s42,failunl-runs:/ckpt/news/news_npo_klr_s42,bitsandbytes FP4 (load-time),—,—
news,npo_klr_s42,rtn_g128_nocalib,acc1,dl_acc1/results/news/npo_klr_s42/rtn_g128_nocalib,failunl-runs:/results/news/npo_klr_s42/rtn_g128_nocalib,failunl-runs:/quant/news_npo_klr_s42/rtn_g128_nocalib/dq,failunl-runs:/ckpt/news/news_npo_klr_s42,"RTN g128 sym, calib none",2026-10-04 17:41:08 UTC,—
news,retrain,bf16,acc1,dl_acc1/results/news/retrain/bf16,failunl-runs:/results/news/retrain/bf16,HF muse-bench/MUSE-news_retrain@324ef49ee0a038078aba7d8de831edf57235c9b3,HF muse-bench/MUSE-news_retrain@324ef49ee0a038078aba7d8de831edf57235c9b3,—,—,—
news,target,bf16,acc1,dl_acc1/results/news/target/bf16,failunl-runs:/results/news/target/bf16,HF muse-bench/MUSE-news_target@a2f39769e9a0b98ec1cdd12f65e9962502208935,HF muse-bench/MUSE-news_target@a2f39769e9a0b98ec1cdd12f65e9962502208935,—,—,—
news,target,bnb4,acc1,dl_acc1/results/news/target/bnb4,failunl-runs:/results/news/target/bnb4,HF muse-bench/MUSE-news_target@a2f39769e9a0b98ec1cdd12f65e9962502208935,HF muse-bench/MUSE-news_target@a2f39769e9a0b98ec1cdd12f65e9962502208935,bitsandbytes FP4 (load-time),—,—
news,target,rtn_g128_nocalib,acc1,dl_acc1/results/news/target/rtn_g128_nocalib,failunl-runs:/results/news/target/rtn_g128_nocalib,failunl-runs:/quant/news_target/rtn_g128_nocalib/dq,HF muse-bench/MUSE-news_target@a2f39769e9a0b98ec1cdd12f65e9962502208935,"RTN g128 sym, calib none",2026-10-04 08:34:19 UTC,—
