Model · precision,Run,M1 ↓,M2 ↓,M3 → 0,M4 ↑,Gen ↑,Tru ↑,Fac ↑,Flu ↑
NPO_KLR + SURE ⚠️ · BF16,seed 42,1.0 (0.0),21.7,-22.5,48.3,20.5,34.4,4.2,538.3
,seed 43,2.8 (0.1),12.0,-45.3,21.4,20.5,38.3,3.3,661.6
,Δ (seed 43 − 42),+1.8,-9.6,-22.8,-26.9,0.0,+3.8,-0.9,+123.3
NPO_KLR + SURE ⚠️ · bnb-FP4,seed 42,1.0 (0.0),20.9,-26.3,44.9,24.0,33.8,4.3,602.4
,seed 43,2.8 (0.0),7.4,-43.9,17.9,21.1,40.8,3.1,694.8
,Δ (seed 43 − 42),+1.8,-13.6,-17.6,-27.0,-2.9,+7.0,-1.2,+92.4
NPO_KLR + SURE ⚠️ · GPTQ,seed 42,1.1 (0.0),17.8,-23.7,47.6,21.1,35.5,4.0,600.0
,seed 43,2.7 (0.1),8.9,-45.4,14.1,21.1,38.9,3.6,657.6
,Δ (seed 43 − 42),+1.5,-9.0,-21.7,-33.5,0.0,+3.4,-0.4,+57.7
NPO_KLR + SURE ⚠️ · AWQ,seed 42,1.2 (0.0),18.0,-23.3,47.5,22.2,34.2,4.6,557.8
,seed 43,2.9 (0.1),8.2,-46.5,16.9,19.3,41.3,2.7,639.9
,Δ (seed 43 − 42),+1.7,-9.8,-23.2,-30.6,-2.9,+7.1,-1.9,+82.1
NPO_KLR + SURE ✅ · BF16,seed 42,7.2 (2.1),31.2,-48.8,52.4,21.6,33.0,8.0,471.6
,seed 43,7.1 (2.4),44.4,-48.4,63.3,29.2,34.5,8.2,478.1
,Δ (seed 43 − 42),-0.1,+13.2,+0.4,+10.9,+7.6,+1.5,+0.2,+6.5
NPO_KLR + SURE ✅ · bnb-FP4,seed 42,6.3 (1.9),28.5,-50.2,38.1,24.0,33.6,8.0,506.3
,seed 43,7.0 (2.3),32.9,-45.3,48.4,23.4,37.1,8.5,488.6
,Δ (seed 43 − 42),+0.7,+4.4,+5.0,+10.3,-0.6,+3.5,+0.5,-17.8
