Method,Precision / quantizer,M1 ↓,M2 ↓,M3 → 0,M4 ↑,Gen ↑,Tru ↑,Fac ↑,Flu ↑
Original target,BF16,99.63316797875227,46.7010054122123,-57.111069905432956,68.82583524318814,28.654970760233915,33.96564843138037,9.26926382796114,597.5374143215093
Original target,INT4 / RTN,78.43830059932586,32.16746741390703,-58.79844242536622,44.47150552119594,29.239766081871345,37.808999331514876,8.401752525246982,640.1923807484889
Original target,INT4 / GPTQ,83.65295414708618,36.4644789306554,-58.18653810495085,55.2775078222904,25.730994152046783,37.182219307159755,9.111903765309336,595.547760627762
Original target,INT4 / AWQ,93.40138853944545,39.70308360785034,-58.186538104950856,56.528321204412265,30.409356725146196,35.77543314715305,8.285743564345033,606.7024403995612
NPO_KLR,BF16,11.303537438528068,10.306685022101632,-37.82681253476728,18.786548636548638,23.976608187134502,34.08301808773519,3.8593127581053275,517.9601516545926
NPO_KLR,INT4 / RTN,72.04810669190843,37.34347114873431,-58.77989987020209,44.75544390250273,28.654970760233915,37.683634462787815,8.18280336622442,499.903383478122
NPO_KLR,INT4 / GPTQ,17.369998364740958,21.55383772141835,-48.65566475060262,29.36166058948541,22.22222222222222,39.220856966972725,7.387836143082474,618.0108039454991
NPO_KLR,INT4 / AWQ,47.593304836607835,29.69288329212427,-55.961431485258665,44.251054943508485,26.900584795321635,37.360657261111875,7.009890632691818,669.9101520125339
NPO_KLR + SURE ✅,BF16,7.161760967215375,31.190131124913716,-48.82254774707953,52.357893013585574,21.637426900584796,33.04627445881836,8.005079470790198,471.5603420367928
NPO_KLR + SURE ✅,INT4 / RTN,5.48685701483625,32.8665444350099,-47.2093454478027,46.55218326414655,23.976608187134502,34.8151826562703,7.382670469079137,426.8187548489433
NPO_KLR + SURE ✅,INT4 / GPTQ,6.023454520053771,26.95664479448586,-48.85963285740774,52.06224373612891,23.976608187134502,33.86273853418108,7.596926396243263,422.60330397565315
NPO_KLR + SURE ✅,INT4 / AWQ,6.31290309698314,32.91310245310244,-48.76692008158724,43.28373189990837,23.976608187134502,35.52214896723702,7.986452127164203,443.0821665475765
GA_GDR,BF16,0.0,0.0,-22.56628963471164,0.0,30.409356725146196,nan,0.0,40.34393465149059
GA_GDR,INT4 / RTN,0.5494629223987594,26.884541069525586,-25.10661969219356,39.885424978072045,28.07017543859649,35.79622389142494,7.790264972385716,495.97454491943216
GA_GDR,INT4 / GPTQ,0.0,0.0,-23.77155572037825,0.0,29.239766081871345,nan,0.0,144.5168818339602
GA_GDR,INT4 / AWQ,0.0,10.359421402969792,-30.391247913962527,46.081870778000805,25.730994152046783,nan,5.959639041829293,403.4696608686036
GA_GDR + SURE ✅,BF16,1.0034915541877247,0.21644626842985257,4.821064342666445,0.0,30.409356725146196,nan,0.0,17.49332466854682
GA_GDR + SURE ✅,INT4 / RTN,n/a,n/a,n/a,n/a,n/a,n/a,n/a,n/a
GA_GDR + SURE ✅,INT4 / GPTQ,n/a,n/a,n/a,n/a,n/a,n/a,n/a,n/a
GA_GDR + SURE ✅,INT4 / AWQ,n/a,n/a,n/a,n/a,n/a,n/a,n/a,n/a
Retrained (reference),BF16,13.436372714642374,30.02406602793652,0.0,69.11514636585186,—,—,—,—
