Method,Seed,Quantizer,ΔM1 [95% CI],ΔM2 [95% CI],Δ|M3| [95% CI],M1 − target(q),M2 − target(q),M1 recovered %,M2 recovered %,Recovery
NPO_KLR,42,bnb-FP4,"+62.0 [56.4, 67.5]","+22.0 [14.9, 29.4]","+22.6 [14.7, 30.7]",-15.480440184386495,-4.715451697259098,80.01204474127154,82.35262595409178,y (1 seed)
NPO_KLR,42,RTN,"+60.7 [54.5, 66.6]","+27.0 [18.5, 35.5]","+21.0 [12.8, 29.5]",-6.3901939074174265,5.176003734827276,90.48154248773923,123.67712025150354,y (1 seed)
NPO_KLR,42,GPTQ,"+6.1 [4.7, 7.5]","+11.2 [5.5, 17.3]","+10.8 [6.2, 15.9]",-66.28295578234523,-14.910641209237053,8.384947940423821,42.997328974439334,y (1 seed)
NPO_KLR,42,AWQ,"+36.3 [31.6, 41.2]","+19.4 [12.3, 26.7]","+18.1 [11.2, 25.6]",-45.808083702837614,-10.010200315726067,44.20306611128127,65.94752827790617,y (1 seed)
NPO_KLR + SURE ⚠️,42,bnb-FP4,"-0.0 [-0.2, 0.2]","-0.8 [-3.6, 2.2]","+3.8 [1.9, 5.9]",-87.7552378167652,-16.101227255268178,-0.026821349784000168,-4.979970486759709,n
NPO_KLR + SURE ⚠️,42,RTN,"+0.1 [-0.1, 0.3]","-4.2 [-8.6, -0.0]","+2.9 [1.7, 4.4]",-77.31171327986891,-14.681990390930018,0.1368078411141776,-40.12481573334286,n
NPO_KLR + SURE ⚠️,42,GPTQ,"+0.1 [-0.1, 0.3]","-3.9 [-8.1, 0.1]","+1.2 [0.4, 2.0]",-82.52134024507475,-18.630580235808704,0.1342574184701375,-26.096952307248607,n
NPO_KLR + SURE ⚠️,42,AWQ,"+0.2 [-0.0, 0.4]","-3.7 [-7.6, 0.2]","+0.8 [0.1, 1.5]",-92.21920664311004,-21.72323530800204,0.17482865471607784,-20.594792090133627,n
NPO_KLR + SURE ⚠️,43,bnb-FP4,"+0.0 [-0.2, 0.3]","-4.7 [-8.9, -1.2]","-1.4 [-3.1, 0.2]",-85.9507288366396,-29.652057820633672,0.03337567832286902,-18.715222492175698,n
NPO_KLR + SURE ⚠️,43,RTN,n/a,n/a,n/a,n/a,n/a,n/a,n/a,n/a
NPO_KLR + SURE ⚠️,43,GPTQ,"-0.1 [-0.4, 0.2]","-3.2 [-7.7, 1.0]","+0.1 [-0.7, 0.8]",-81.00168267292409,-27.58560824720081,-0.15045054401862637,-12.987019876463386,n
NPO_KLR + SURE ⚠️,43,AWQ,"+0.1 [-0.2, 0.4]","-3.8 [-8.2, -0.2]","+1.2 [0.4, 2.2]",-90.52374374849839,-31.477791925759256,0.11551443216595454,-13.829521453974584,n
NPO_KLR + SURE ✅,42,bnb-FP4,"-0.9 [-1.7, -0.1]","-2.7 [-7.7, 2.1]","+1.4 [0.3, 2.6]",-82.47006702165056,-8.560205758820572,-1.077877658960005,-46.654966798880864,n
NPO_KLR + SURE ✅,42,RTN,"-1.7 [-2.4, -0.9]","+1.7 [-4.3, 7.4]","-1.6 [-3.4, 0.3]",-72.95144358448961,0.6990770211028661,-2.34986709655665,171.528810397794,n
NPO_KLR + SURE ✅,42,GPTQ,"-1.1 [-1.9, -0.4]","-4.2 [-9.4, 0.7]","+0.0 [-0.9, 1.0]",-77.6294996270324,-9.507834136169542,-1.488153602840068,-80.26558896664447,n
NPO_KLR + SURE ✅,42,AWQ,"-0.8 [-1.6, -0.1]","+1.7 [-2.1, 5.8]","-0.1 [-1.2, 1.1]",-87.08848544246231,-6.789981154747899,-0.9843014100696026,20.239409671817743,n
NPO_KLR + SURE ✅,43,bnb-FP4,"-0.0 [-1.0, 0.9]","-11.5 [-18.1, -5.3]","-3.1 [-5.6, -1.0]",-81.72665703136224,-4.144571863351338,-0.05848176657111803,n/a,n
NPO_KLR + SURE ✅,43,RTN,n/a,n/a,n/a,n/a,n/a,n/a,n/a,n/a
NPO_KLR + SURE ✅,43,GPTQ,n/a,n/a,n/a,n/a,n/a,n/a,n/a,n/a
NPO_KLR + SURE ✅,43,AWQ,n/a,n/a,n/a,n/a,n/a,n/a,n/a,n/a
GA_GDR,42,bnb-FP4,"+0.1 [0.0, 0.1]","+31.0 [24.1, 38.0]","+9.9 [-8.8, 28.9]",-88.69629645162917,-6.067328314387147,0.06319207701875645,83.61381743794088,y (1 seed)
GA_GDR,42,RTN,"+0.5 [0.1, 1.1]","+26.9 [19.7, 34.3]","+2.5 [-18.8, 23.9]",-77.8888376769271,-5.282926344381448,0.7005033487473106,83.57680361837417,y (1 seed)
GA_GDR,42,GPTQ,"+0.0 [0.0, 0.0]","+0.0 [0.0, 0.0]","+1.2 [-0.6, 3.1]",-83.65295414708618,-36.4644789306554,0.0,0.0,n
GA_GDR,42,AWQ,"+0.0 [0.0, 0.0]","+10.4 [6.3, 14.9]","+7.8 [2.8, 13.3]",-93.40138853944545,-29.343662204880545,0.0,26.09223380554115,y (1 seed)
GA_GDR + SURE ⚠️,42,bnb-FP4,"+0.0 [0.0, 0.0]","+0.0 [0.0, 0.0]","-0.1 [-0.4, 0.1]",-88.75238092453898,-37.02710067710068,0.0,0.0,n
GA_GDR + SURE ⚠️,42,RTN,"+0.0 [0.0, 0.0]","+0.0 [0.0, 0.0]","-0.1 [-0.4, 0.1]",-78.43830059932586,-32.16746741390703,0.0,0.0,n
GA_GDR + SURE ⚠️,42,GPTQ,"+0.0 [0.0, 0.0]","+0.0 [0.0, 0.0]","-0.0 [-0.2, 0.1]",-83.65295414708618,-36.4644789306554,0.0,0.0,n
GA_GDR + SURE ⚠️,42,AWQ,"+0.0 [0.0, 0.0]","+0.0 [0.0, 0.0]","+0.1 [-0.0, 0.4]",-93.40138853944545,-39.70308360785034,0.0,0.0,n
GA_GDR + SURE ✅,42,RTN,n/a,n/a,n/a,n/a,n/a,n/a,n/a,n/a
GA_GDR + SURE ✅,42,GPTQ,n/a,n/a,n/a,n/a,n/a,n/a,n/a,n/a
GA_GDR + SURE ✅,42,AWQ,n/a,n/a,n/a,n/a,n/a,n/a,n/a,n/a
