Method,Seed,Quantizer,ΔM4 [95% CI],ΔGen,ΔTru,ΔFac,ΔFlu,M4 / target(q) %,Flu / target(q) %,Useful,Useful (M4 0.6 / 0.9),Useful (Flu 0.8)
NPO_KLR,42,bnb-FP4,"+30.7 [22.8, 38.5]",5.2631578947368425,0.6763334661062359,2.6117512183752596,66.1106700762167,96.0752953096907,97.74996101747521,y,y / y,y
NPO_KLR,42,RTN,"+26.0 [16.7, 35.0]",4.678362573099413,3.600616375052624,4.3234906081190925,-18.05676817647054,100.63847260842442,78.08643128392964,n,n / n,n
NPO_KLR,42,GPTQ,"+10.6 [4.9, 16.5]",-1.7543859649122808,5.137838879237535,3.5285233849771465,100.05065229090656,53.11683132292996,103.77182902913765,n,n / n,n
NPO_KLR,42,AWQ,"+25.5 [17.9, 33.2]",2.9239766081871323,3.2776391733766843,3.15057787458649,151.95000035794135,78.28121196716968,110.41823922306057,y,y / n,y
NPO_KLR + SURE ⚠️,42,bnb-FP4,"-3.3 [-8.5, 1.6]",3.5087719298245617,-0.6357259013769223,0.06160205403587504,64.1185285940229,87.28200065928436,100.81652472844587,y,y / n,y
NPO_KLR + SURE ⚠️,42,RTN,"-1.8 [-7.8, 4.3]",2.3391812865497066,-1.640587807364561,-0.5428378905378177,47.06115264513994,104.49938932193724,91.43136438376008,y,y / y,y
NPO_KLR + SURE ⚠️,42,GPTQ,"-0.7 [-6.7, 5.3]",0.5847953216374258,1.0493236228483411,-0.22866186714337733,61.675300977252505,86.1208833909874,100.73932208206593,y,y / n,y
NPO_KLR + SURE ⚠️,42,AWQ,"-0.8 [-5.8, 4.4]",1.7543859649122808,-0.26507277827229814,0.3491518826001574,19.557835801749547,84.01103910418217,91.94512406913219,y,y / n,y
NPO_KLR + SURE ⚠️,43,bnb-FP4,"-3.5 [-8.0, 0.9]",0.5847953216374258,2.489085735380435,-0.19489630895271004,33.25687035647877,34.74165265467192,116.28376785242628,n,n / n,n
NPO_KLR + SURE ⚠️,43,RTN,n/a,n/a,n/a,n/a,n/a,n/a,n/a,n/a,n/a,n/a
NPO_KLR + SURE ⚠️,43,GPTQ,"-7.3 [-12.0, -3.3]",0.5847953216374258,0.5889816693910035,0.321118728193031,-3.918843743882121,25.43359970193888,110.4256373662981,n,n / n,n
NPO_KLR + SURE ⚠️,43,AWQ,"-4.5 [-9.5, 0.0]",-1.169590643274855,3.0286711991650606,-0.5946440408258526,-21.646201277966156,29.95818941136959,105.47345953288182,n,n / n,n
NPO_KLR + SURE ✅,42,bnb-FP4,"-14.3 [-23.2, -5.6]",2.3391812865497066,0.5175003171019412,0.020616107111642634,34.758463179490434,74.00061105772147,84.73740106660702,n,n / n,n
NPO_KLR + SURE ✅,42,RTN,"-5.8 [-14.5, 2.8]",2.3391812865497066,1.7689081974519425,-0.6224090017110608,-44.74158718784952,104.67867619628692,66.67038966473216,n,n / n,n
NPO_KLR + SURE ✅,42,GPTQ,"-0.3 [-8.4, 7.6]",2.3391812865497066,0.8164640753627168,-0.4081530745469353,-48.957038061139656,94.18341344820008,70.96043876148413,n,n / n,n
NPO_KLR + SURE ✅,42,AWQ,"-9.1 [-15.9, -2.6]",2.3391812865497066,2.475874508418663,-0.018627343625995607,-28.478175489216312,76.56999354958714,73.0312154762015,n,n / n,n
NPO_KLR + SURE ✅,43,bnb-FP4,"-14.9 [-22.8, -7.2]",-5.847953216374272,2.559960145694525,0.2946369860257487,10.481681419138852,94.03700781903133,81.76619619957238,n,n / n,y
NPO_KLR + SURE ✅,43,RTN,n/a,n/a,n/a,n/a,n/a,n/a,n/a,n/a,n/a,n/a
NPO_KLR + SURE ✅,43,GPTQ,n/a,n/a,n/a,n/a,n/a,n/a,n/a,n/a,n/a,n/a
NPO_KLR + SURE ✅,43,AWQ,n/a,n/a,n/a,n/a,n/a,n/a,n/a,n/a,n/a,n/a
GA_GDR,42,bnb-FP4,"+47.3 [39.3, 55.2]",-3.5087719298245617,nan,8.006679597181869,447.38763182414255,91.82942331946842,81.6266449823758,n,n / n,y
GA_GDR,42,RTN,"+39.9 [32.1, 47.9]",-2.3391812865497066,nan,7.790264972385716,455.63061026794156,89.68759773392857,77.47273473319963,n,n / n,n
GA_GDR,42,GPTQ,"+0.0 [0.0, 0.0]",-1.1695906432748515,nan,0.0,104.17294718246961,0.0,24.266211946062253,n,n / n,n
GA_GDR,42,AWQ,"+46.1 [38.4, 53.9]",-4.678362573099413,nan,5.959639041829293,363.125726217113,81.51997051418525,66.5020665819124,n,n / n,n
GA_GDR + SURE ⚠️,42,bnb-FP4,"+0.0 [0.0, 0.0]",0.0,nan,0.0,-61.234596611828806,0.0,48.36742322784625,n,n / n,n
GA_GDR + SURE ⚠️,42,RTN,"+0.0 [0.0, 0.0]",0.0,nan,0.0,-62.1736312981061,0.0,44.99641876669609,n,n / n,n
GA_GDR + SURE ⚠️,42,GPTQ,"+0.0 [0.0, 0.0]",0.0,nan,0.0,-0.5165864584050723,0.0,58.72252613713715,n,n / n,n
GA_GDR + SURE ⚠️,42,AWQ,"+0.0 [0.0, 0.0]",0.0,nan,0.0,5.099701872429591,0.0,58.56857564155996,n,n / n,n
GA_GDR + SURE ✅,42,RTN,n/a,n/a,n/a,n/a,n/a,n/a,n/a,n/a,n/a,n/a
GA_GDR + SURE ✅,42,GPTQ,n/a,n/a,n/a,n/a,n/a,n/a,n/a,n/a,n/a,n/a
GA_GDR + SURE ✅,42,AWQ,n/a,n/a,n/a,n/a,n/a,n/a,n/a,n/a,n/a,n/a
