Row,Source,M1 ↓,M2 ↓,M3 → 0,M4 ↑,Gen ↑,Tru ↑,Fac ↑,Flu ↑
NPO_KLR + SURE ⚠️ · BF16,Reported (Table 3),17.6,37.8,-58.0,49.4,23.4,30.2,7.4,588.8
,Reproduced,1.0 (0.0),21.7,-22.5,48.3,20.5,34.4,4.2,538.3
,Δ,-16.6,-16.1,+35.5,-1.1,-2.9,+4.2,-3.2,-50.5
NPO_KLR + SURE ⚠️ · INT4 RTN,Reported (Table 3),16.1,36.9,-58.9,34.9,23.4,31.1,8.0,592.6
,Reproduced,1.1 (0.0),17.5,-25.5,46.5,22.8,32.8,3.7,585.3
,Δ,-15.0,-19.4,+33.4,+11.6,-0.6,+1.7,-4.3,-7.3
GA_GDR + SURE ⚠️ · BF16,Reported (Table 3),0.0,0.3,-6.4,49.3,29.2,0.2,0.0,544.9
,Reproduced,0.0 (0.0),0.0,-18.9,0.0,30.4,nan,0.0,350.2
,Δ,0.0,-0.3,-12.5,-49.3,+1.2,nan,0.0,-194.7
GA_GDR + SURE ⚠️ · INT4 RTN,Reported (Table 3),0.0,4.8,-6.3,46.2,30.4,0.2,0.0,524.7
,Reproduced,0.0 (0.0),0.0,-18.8,0.0,30.4,nan,0.0,288.1
,Δ,0.0,-4.8,-12.5,-46.2,0.0,nan,0.0,-236.6
