Method,Precision / quantizer,Tru MC1,Tru MC2
Original target,BF16,20.0,33.96564843138037
Original target,INT4 / RTN,20.0,37.808999331514876
Original target,INT4 / GPTQ,22.0,37.182219307159755
Original target,INT4 / AWQ,24.0,35.77543314715305
NPO_KLR,BF16,20.0,34.08301808773519
NPO_KLR,INT4 / RTN,20.0,37.683634462787815
NPO_KLR,INT4 / GPTQ,24.0,39.220856966972725
NPO_KLR,INT4 / AWQ,22.0,37.360657261111875
NPO_KLR + SURE ✅,BF16,22.0,33.04627445881836
NPO_KLR + SURE ✅,INT4 / RTN,18.0,34.8151826562703
NPO_KLR + SURE ✅,INT4 / GPTQ,20.0,33.86273853418108
NPO_KLR + SURE ✅,INT4 / AWQ,20.0,35.52214896723702
GA_GDR,BF16,22.0,nan
GA_GDR,INT4 / RTN,20.0,35.79622389142494
GA_GDR,INT4 / GPTQ,22.0,nan
GA_GDR,INT4 / AWQ,22.0,nan
GA_GDR + SURE ✅,BF16,22.0,nan
GA_GDR + SURE ✅,INT4 / RTN,n/a,n/a
GA_GDR + SURE ✅,INT4 / GPTQ,n/a,n/a
GA_GDR + SURE ✅,INT4 / AWQ,n/a,n/a
NPO_KLR + SURE ⚠️,BF16,24.0,34.43177272730438
NPO_KLR + SURE ⚠️,INT4 / RTN,22.0,32.791184919939816
NPO_KLR + SURE ⚠️,INT4 / GPTQ,24.0,35.48109635015272
NPO_KLR + SURE ⚠️,INT4 / AWQ,22.0,34.16669994903208
GA_GDR + SURE ⚠️,BF16,20.0,nan
GA_GDR + SURE ⚠️,INT4 / RTN,20.0,nan
GA_GDR + SURE ⚠️,INT4 / GPTQ,20.0,nan
GA_GDR + SURE ⚠️,INT4 / AWQ,20.0,nan
