Quantizer,Calibration,Group size,M1 dev,M1 held-out,M2 dev,M2 held-out,M3 dev,M3 held-out,M4 dev,M4 held-out
— (BF16),—,—,1.0658861466399974,0.9754617249134203,22.36046176046176,21.018883846282712,-18.63526793992211,-26.20063044687556,57.14071944567301,39.39319758113451
GPTQ,General text,32,1.005742160619622,0.8505860388690075,20.3021645021645,16.234935240198396,-19.59948080845539,-26.942332653439628,54.654891335386694,38.860538872891816
GPTQ,General text,128,1.149339829157784,1.113887974865063,20.739829474109392,14.927967915584015,-19.747821249768208,-26.942332653439614,53.923884354379716,41.28707175177763
GPTQ,BOOKS retain-only,32,1.1896427738053323,0.8826236949200489,21.293795093795094,13.94167869167869,-19.59948080845539,-27.609864639347283,58.338048552754444,40.925899590605475
GPTQ,BOOKS retain-only,128,1.282395994229562,1.084493597050989,20.767616642616645,16.203683800235524,-19.525310587798995,-27.016502874096027,55.9051536080019,39.09591437114657
AWQ,General text,32,1.1528382986998986,0.9268171277803529,20.072380952380954,20.32854256854257,-17.745225292045227,-24.64305581309102,60.44171301694522,36.86597914143553
AWQ,General text,128,1.2476688651904075,1.116694927480398,18.75743145743146,17.20226514226514,-19.451140367142575,-26.645651770814,55.988348745426784,38.9917113185262
AWQ,BOOKS retain-only,32,1.149814181173554,0.9350767795008054,21.668253968253968,20.330888153241094,-18.486927498609283,-25.384758019655095,59.90270774976657,44.06505324740619
AWQ,BOOKS retain-only,128,1.2548515350317389,0.9354896352796058,19.580606060606062,14.62836570836571,-20.04450213239383,-26.7198219914704,57.92105263157894,39.4545054945055
