Model,Quantizer,Calibration,Group size,M1 ↓,M2 ↓,M3 → 0,M4 ↑,Gen ↑,Tru ↑,Fac ↑,Flu ↑
NPO_KLR + SURE ⚠️,BF16,—,—,1.0206739357767092,21.689672803372233,-22.52920452438344,48.266958513403736,20.46783625730994,34.43177272730438,4.236380716547514,538.2754757540797
NPO_KLR + SURE ⚠️,GPTQ,General text,32,0.928164099744315,18.268549871181445,-23.326534396439808,46.757715104139244,21.052631578947366,33.87072163927175,3.9868576750379665,577.470700418578
NPO_KLR + SURE ⚠️,GPTQ,General text,128,1.1316139020114235,17.8338986948467,-23.69738549972186,47.605478053078656,21.052631578947366,35.48109635015272,4.007718849404137,599.9507767313322
NPO_KLR + SURE ⚠️,GPTQ,BOOKS retain-only,32,1.0361332343626908,17.617736892736893,-23.60467272390133,49.631974071679934,19.298245614035086,35.098703294550674,4.788521515912484,581.1712372640437
NPO_KLR + SURE ⚠️,GPTQ,BOOKS retain-only,128,1.1834447956402754,18.485650221426084,-23.530502503244943,47.50053398957422,21.637426900584796,34.68689736321241,4.6617177835868535,588.0142843747483
NPO_KLR + SURE ⚠️,AWQ,General text,32,1.0398277132401257,20.20046176046176,-21.21268310773224,48.653846079190366,22.22222222222222,35.79045390608413,3.951139729760675,546.8849217137374
NPO_KLR + SURE ⚠️,AWQ,General text,128,1.1821818963354025,17.9798482998483,-23.28944928611162,47.490030031976495,22.22222222222222,34.16669994903208,4.585532599147672,557.8333115558293
NPO_KLR + SURE ⚠️,AWQ,BOOKS retain-only,32,1.0424454803371799,20.99957106074753,-21.694789541998873,51.98388049858637,22.22222222222222,35.18968426597779,3.255706241306591,563.405160184571
NPO_KLR + SURE ⚠️,AWQ,BOOKS retain-only,128,1.0951705851556721,17.104485884485886,-23.400704617096228,48.6877790630422,22.22222222222222,34.29568258019506,3.9253258377703117,536.1851885118964
GA_GDR + SURE ⚠️,BF16,—,—,0.0,0.0,-18.913406267383625,0.0,30.409356725146196,nan,0.0,350.2372758521776
GA_GDR + SURE ⚠️,GPTQ,General text,32,n/a,n/a,n/a,n/a,n/a,n/a,n/a,n/a
GA_GDR + SURE ⚠️,GPTQ,General text,128,0.0,0.0,-18.894863712219525,0.0,30.409356725146196,nan,0.0,349.72068939377255
GA_GDR + SURE ⚠️,GPTQ,BOOKS retain-only,32,n/a,n/a,n/a,n/a,n/a,n/a,n/a,n/a
GA_GDR + SURE ⚠️,GPTQ,BOOKS retain-only,128,n/a,n/a,n/a,n/a,n/a,n/a,n/a,n/a
GA_GDR + SURE ⚠️,AWQ,General text,32,n/a,n/a,n/a,n/a,n/a,n/a,n/a,n/a
GA_GDR + SURE ⚠️,AWQ,General text,128,0.0,0.0,-19.061746708696443,0.0,30.409356725146196,nan,0.0,355.3369777246072
GA_GDR + SURE ⚠️,AWQ,BOOKS retain-only,32,n/a,n/a,n/a,n/a,n/a,n/a,n/a,n/a
GA_GDR + SURE ⚠️,AWQ,BOOKS retain-only,128,n/a,n/a,n/a,n/a,n/a,n/a,n/a,n/a
Original target,GPTQ,General text,32,93.60699860768142,39.14357595620752,-57.945484887817535,62.25430778371952,28.07017543859649,36.23004950589139,9.443312008061522,628.2567848772513
Original target,GPTQ,General text,128,83.65295414708618,36.4644789306554,-58.18653810495085,55.2775078222904,25.730994152046783,37.182219307159755,9.111903765309336,595.547760627762
Original target,GPTQ,BOOKS retain-only,32,n/a,n/a,n/a,n/a,n/a,n/a,n/a,n/a
Original target,GPTQ,BOOKS retain-only,128,n/a,n/a,n/a,n/a,n/a,n/a,n/a,n/a
Original target,AWQ,General text,32,n/a,n/a,n/a,n/a,n/a,n/a,n/a,n/a
Original target,AWQ,General text,128,93.40138853944545,39.70308360785034,-58.186538104950856,56.528321204412265,30.409356725146196,35.77543314715305,8.285743564345033,606.7024403995612
Original target,AWQ,BOOKS retain-only,32,n/a,n/a,n/a,n/a,n/a,n/a,n/a,n/a
Original target,AWQ,BOOKS retain-only,128,n/a,n/a,n/a,n/a,n/a,n/a,n/a,n/a
